use `theater`;

INSERT INTO `user` VALUES
(49571,'BARRY','LIPTON','1981-06-21',29.81,8),
(57826,'STEVE','MARTIN','1983-05-04',41.52,0),
(12345,'HARRY','POTTINGON','1990-01-01',0.00,0),
(54321,'SHINJI','IKARI','1995-02-26',5.50,6),
(33346,'CHRIS','NOLAN','1977-05-30',80.00,5),
(13317, 'Dawson', 'Erdman', '1977-10-15', '90.87', 2),
(14380, 'Abbey', 'Oberbrunner', '2006-07-19', '44.31', 10),
(25504, 'Romaine', 'Zulauf', '1973-09-20', '17.05', 3),
(27009, 'Collin', 'Beier', '2000-01-30', '14.68', 0),
(36750, 'Talia', 'Rodriguez', '1984-11-29', '50.00', 4),
(46204, 'Elise', 'Upton', '2006-05-14', '36.65', 9),
(49496, 'Bennie', 'Wehner', '1971-11-30', '56.34', 3),
(50540, 'Magali', 'Mertz', '1994-02-01', '36.98', 2),
(55980, 'Randall', 'Gerlach', '1997-11-16', '55.00', 5),
(56378, 'Eveline', 'Von', '1984-06-21', '1.00', 7),
(65352, 'Glen', 'Zemlak', '1977-01-09', '71.23', 0),
(66993, 'Chloe', 'Rowe', '2002-11-23', '1.00', 4),
(68537, 'Abe', 'Wehner', '1994-03-05', '100.00', 0),
(69869, 'Johnny', 'Wunsch', '2020-05-14', '33.66', 0),
(70290, 'Jaron', 'Murazik', '1981-06-07', '23.23', 8),
(72405, 'Dayne', 'Mann', '2006-08-05', '39.64', 1),
(78070, 'Gust', 'Cartwright', '1980-03-15', '100.00', 6),
(78363, 'Patrick', 'Johnston', '2001-10-02', '16.50', 7),
(86881, 'Leone', 'Torphy', '1986-09-15', '77.50', 5),
(93811, 'Khalid', 'Lueilwitz', '1978-02-18', '23.50', 1);

INSERT INTO `seat` VALUES 
('1','1'),
('2','1'),
('3','1'),
('4','1'),
('5','1'),
('6','1'),
('7','1'),
('8','1'),
('9','1'),
('10','1'),
('11','1'),
('12','1'),
('13','1'),
('14','1'),
('15','1'),
('16','1'),
('17','1'),
('18','1'),
('19','1'),
('20','1'),
('21','1'),
('22','1'),
('23','1'),
('24','1'),
('25','1'),
('26','1'),
('27','1'),
('28','1'),
('29','1'),
('30','1'),
('31','1'),
('32','1'),
('33','1'),
('34','1'),
('35','1'),
('36','1'),
('37','1'),
('38','1'),
('39','1'),
('40','1'),
('41','1'),
('42','1'),
('43','1'),
('44','1'),
('45','1'),
('46','1'),
('47','1'),
('48','1'),
('49','1'),
('50','1'),
('51','2'),
('52','2'),
('53','2'),
('54','2'),
('55','2'),
('56','2'),
('57','2'),
('58','2'),
('59','2'),
('60','2'),
('61','2'),
('62','2'),
('63','2'),
('64','2'),
('65','2'),
('66','2'),
('67','2'),
('68','2'),
('69','2'),
('70','2'),
('71','2'),
('72','2'),
('73','2'),
('74','2'),
('75','2'),
('76','2'),
('77','2'),
('78','2'),
('79','2'),
('80','2'),
('81','2'),
('82','2'),
('83','2'),
('84','2'),
('85','2'),
('86','2'),
('87','2'),
('88','2'),
('89','2'),
('90','2'),
('91','2'),
('92','2'),
('93','2'),
('94','2'),
('95','2'),
('96','2'),
('97','2'),
('98','2'),
('99','2'),
('100','2'),
('101','3'),
('102','3'),
('103','3'),
('104','3'),
('105','3'),
('106','3'),
('107','3'),
('108','3'),
('109','3'),
('110','3'),
('111','3'),
('112','3'),
('113','3'),
('114','3'),
('115','3'),
('116','3'),
('117','3'),
('118','3'),
('119','3'),
('120','3'),
('121','3'),
('122','3'),
('123','3'),
('124','3'),
('125','3'),
('126','3'),
('127','3'),
('128','3'),
('129','3'),
('130','3'),
('131','3'),
('132','3'),
('133','3'),
('134','3'),
('135','3'),
('136','3'),
('137','3'),
('138','3'),
('139','3'),
('140','3'),
('141','3'),
('142','3'),
('143','3'),
('144','3'),
('145','3'),
('146','3'),
('147','3'),
('148','3'),
('149','3'),
('150','3'),
('151','3'),
('152','3'),
('153','3'),
('154','3'),
('155','3'),
('156','3'),
('157','3'),
('158','3'),
('159','3'),
('160','3'),
('161','3'),
('162','3'),
('163','3'),
('164','3'),
('165','3'),
('166','3'),
('167','3'),
('168','3'),
('169','3'),
('170','3'),
('171','3'),
('172','3'),
('173','3'),
('174','3'),
('175','3'),
('176','4'),
('177','4'),
('178','4'),
('179','4'),
('180','4'),
('181','4'),
('182','4'),
('183','4'),
('184','4'),
('185','4'),
('186','4'),
('187','4'),
('188','4'),
('189','4'),
('190','4'),
('191','4'),
('192','4'),
('193','4'),
('194','4'),
('195','4'),
('196','4'),
('197','4'),
('198','4'),
('199','4'),
('200','4'),
('201','4'),
('202','4'),
('203','4'),
('204','4'),
('205','4'),
('206','4'),
('207','4'),
('208','4'),
('209','4'),
('210','4'),
('211','4'),
('212','4'),
('213','4'),
('214','4'),
('215','4'),
('216','4'),
('217','4'),
('218','4'),
('219','4'),
('220','4'),
('221','4'),
('222','4'),
('223','4'),
('224','4'),
('225','4'),
('226','5'),
('227','5'),
('228','5'),
('229','5'),
('230','5'),
('231','5'),
('232','5'),
('233','5'),
('234','5'),
('235','5'),
('236','5'),
('237','5'),
('238','5'),
('239','5'),
('240','5'),
('241','5'),
('242','5'),
('243','5'),
('244','5'),
('245','5'),
('246','5'),
('247','5'),
('248','5'),
('249','5'),
('250','5'),
('251','5'),
('252','5'),
('253','5'),
('254','5'),
('255','5'),
('256','5'),
('257','5'),
('258','5'),
('259','5'),
('260','5'),
('261','5'),
('262','5'),
('263','5'),
('264','5'),
('265','5'),
('266','5'),
('267','5'),
('268','5'),
('269','5'),
('270','5'),
('271','5'),
('272','5'),
('273','5'),
('274','5'),
('275','5'),
('276','5'),
('277','5'),
('278','5'),
('279','5'),
('280','5'),
('281','5'),
('282','5'),
('283','5'),
('284','5'),
('285','5'),
('286','5'),
('287','5'),
('288','5'),
('289','5'),
('290','5'),
('291','5'),
('292','5'),
('293','5'),
('294','5'),
('295','5'),
('296','5'),
('297','5'),
('298','5'),
('299','5'),
('300','5'),
('301','5'),
('302','5'),
('303','5'),
('304','5'),
('305','5'),
('306','5'),
('307','5'),
('308','5'),
('309','5'),
('310','5'),
('311','5'),
('312','5'),
('313','5'),
('314','5'),
('315','5'),
('316','5'),
('317','5'),
('318','5'),
('319','5'),
('320','5'),
('321','5'),
('322','5'),
('323','5'),
('324','5'),
('325','5');

INSERT INTO `showtime` VALUES
(31467,'05:30:00'),
(46732,'07:45:00'),
(76423,'08:30:00'),
(76481,'08:45:00'),
(84615,'09:00:00'),
(43164,'10:00:00'),
(13476,'10:50:00'),
(46132,'11:15:00'),
(23791,'12:45:00'),
(34612,'13:25:00'),
(23467,'15:00:00'),
(26731,'16:30:00'),
(34762,'17:15:00'),
(66612,'18:00:00'),
(77132,'18:45:00'),
(88134,'19:10:00');

INSERT INTO `film` VALUES
(31492,'HELLO GOES THE ELK','PG-13',110),
(84612,'DEADFALL 2: ELECTRIC BOOGALOO','R',95),
(99143,'JE NE SAIS PAS','PG-13',115),
(64521,'KONNICHIWA: THE RECKONING','G',90),
(51342,'CATS VS DOGS 6','R',93),
(31342,'MR BEASTMAN','R',112),
(64111,'WINE AND CHEESE','R',167),
(54631,'SAM JACK THE SAMURAI','PG-13',125),
(45787,'ELEPHANT FUN','G',85),
(11123,'WHOOPALOOP','G',91);

INSERT INTO `auditorium` VALUES
(1,'AUD 1',50),
(2,'AUD 2',50),
(3,'AUD 3',75),
(4,'AUD 4',50),
(5,'AUD 5',100);


INSERT INTO `seat_showtime` VALUES
(3,66612,86881),
(76,13476,78070),
(143,31467,46204),
(206,77132,93811),
(297,46732,13317);

INSERT INTO `film_showtime` VALUES
(31492,76423),
(11123,23791),
(84612,31467),
(51342,76481),
(45787,84615),
(45787,43164),
(11123,13476),
(54631,46132),
(64521,34612),
(84612,23467),
(31342,26731),
(64111,34762),
(64111,66612),
(64521,77132),
(84612,88134),
(31492,46732);

INSERT INTO `auditorium_showtime` VALUES
(76423,1),
(23791,1),
(31467,2),
(76481,2),
(84615,3),
(43164,3),
(13476,4),
(46132,4),
(34612,5),
(23467,5);